segment,customers,avg_revenue_per_user,total_revenue,avg_return_rate,avg_frequency,avg_recency
High Value,18311,267.290000,4894309.100000,0.099400,2.620000,126.100000
Mid Value,31070,136.350000,4236548.950000,0.099900,1.470000,324.200000
Low Value,30663,55.320000,1696260.850000,0.095300,1.020000,621.700000
